{
  "global_importance": {
    "is_high_income_country": 3.0246990511715444,
    "job_sat_score": 2.8545358548407767,
    "years_code_pro_num": 0.558338202157745,
    "stack_diversity_score": 0.3599349976325373,
    "ai_sentiment_score": 0.35505039071772937,
    "platform_count": 0.31205858956140986,
    "ai_tool_count": 0.298004714971279,
    "org_size_num": 0.29376789962907146,
    "so_engagement_score": 0.28996192391562486,
    "collab_tool_count": 0.28939677007775416,
    "db_count": 0.2737099971482713,
    "learn_source_count": 0.2597656280426777,
    "lang_count": 0.25339570581247706,
    "experience_gap": 0.2335108178638145,
    "learning_diversity": 0.21438487246066318,
    "uses_cloud": 0.1935026093490213,
    "tool_count": 0.18220206444923634,
    "uses_python": 0.1818887820412605,
    "learns_online": 0.14118118219427306,
    "learn_online_count": 0.12885697720740702,
    "uses_javascript": 0.11490253848838604,
    "is_remote": 0.09577255017933772,
    "is_hybrid": 0.04738825847569452,
    "uses_ai_tools": 0.0297516368056186,
    "is_large_org": 0.011500855830914142,
    "is_employed": 0.0
  }
}