{
  "0": 14563.2431640625,
  "5": 31139.111328125,
  "10": 37238.0859375,
  "15": 43510.78515625,
  "20": 51469.30078125,
  "25": 63866.07421875,
  "30": 82672.5,
  "35": 91935.765625,
  "40": 96055.78125,
  "45": 98440.6953125,
  "50": 100443.4140625,
  "55": 102246.3671875,
  "60": 104448.9453125,
  "65": 107422.078125,
  "70": 111515.6484375,
  "75": 117732.703125,
  "80": 125844.8828125,
  "85": 134930.28125,
  "90": 147960.078125,
  "95": 172126.46875,
  "100": 323589.4375
}