{
  "0": 1291.4312744140625,
  "5": 13320.462890625,
  "10": 18279.294921875,
  "15": 22053.37890625,
  "20": 25890.28125,
  "25": 30462.98046875,
  "30": 34980.8671875,
  "35": 38364.35546875,
  "40": 40352.97265625,
  "45": 41665.5390625,
  "50": 42885.8828125,
  "55": 43964.5546875,
  "60": 45040.33984375,
  "65": 46325.29296875,
  "70": 48095.73828125,
  "75": 50677.65234375,
  "80": 54524.89453125,
  "85": 59678.2734375,
  "90": 66259.171875,
  "95": 76223.890625,
  "100": 183714.625
}